[{"id":"user-image-8799ead8fb4b1c6f4dea6de509371501f60328e56a61e11c30c4621f2fd55efe4b31ed09f9b5ef4e2fe8a76bce6596fcbfcce901899fc824d896b1_1280.jpg","publicUrl":"np://user.desktop.nicepage.com/Site_760922807/images/8799ead8fb4b1c6f4dea6de509371501f60328e56a61e11c30c4621f2fd55efe4b31ed09f9b5ef4e2fe8a76bce6596fcbfcce901899fc824d896b1_1280.jpg","size":136381,"hash":"1iDU/Qu0XFL3L5X82S9YeEP9Ngg=","fileName":"8799ead8fb4b1c6f4dea6de509371501f60328e56a61e11c30c4621f2fd55efe4b31ed09f9b5ef4e2fe8a76bce6596fcbfcce901899fc824d896b1_1280.jpg","name":"8799ead8fb4b1c6f4dea6de509371501f60328e56a61e11c30c4621f2fd55efe4b31ed09f9b5ef4e2fe8a76bce6596fcbfcce901899fc824d896b1_1280","width":1280,"height":797,"thumbnail":{"url":"np://user.desktop.nicepage.com/Site_760922807/images/thumbnails/8799ead8fb4b1c6f4dea6de509371501f60328e56a61e11c30c4621f2fd55efe4b31ed09f9b5ef4e2fe8a76bce6596fcbfcce901899fc824d896b1_1280.jpg","width":250,"height":156},"folderId":null,"usages":["548327562"]},{"id":"user-image-49c37b297c6d8fe6dac5f8a0847ea5c88d631f8122f0cd6a34336f2188aa0b13f74d83df79b7a30d999cac85764cb4f74196eb3172ce3216412904_1280.jpg","publicUrl":"np://user.desktop.nicepage.com/Site_760922807/images/49c37b297c6d8fe6dac5f8a0847ea5c88d631f8122f0cd6a34336f2188aa0b13f74d83df79b7a30d999cac85764cb4f74196eb3172ce3216412904_1280.jpg","size":321742,"hash":"LF9voeoOgzr28cD/2YmpJ1nx13g=","fileName":"49c37b297c6d8fe6dac5f8a0847ea5c88d631f8122f0cd6a34336f2188aa0b13f74d83df79b7a30d999cac85764cb4f74196eb3172ce3216412904_1280.jpg","name":"49c37b297c6d8fe6dac5f8a0847ea5c88d631f8122f0cd6a34336f2188aa0b13f74d83df79b7a30d999cac85764cb4f74196eb3172ce3216412904_1280","width":1280,"height":852,"thumbnail":{"url":"np://user.desktop.nicepage.com/Site_760922807/images/thumbnails/49c37b297c6d8fe6dac5f8a0847ea5c88d631f8122f0cd6a34336f2188aa0b13f74d83df79b7a30d999cac85764cb4f74196eb3172ce3216412904_1280.jpg","width":250,"height":166},"folderId":null,"usages":["2398722433"]},{"id":"user-image-1_Hwu0JZGOo60lEb56fDh0Aw.jpg","publicUrl":"np://user.desktop.nicepage.com/Site_760922807/images/1_Hwu0JZGOo60lEb56fDh0Aw.jpg","size":47236,"hash":"ycLur9DRV0ff+LmYDxL5k1MrVZ8=","fileName":"1_Hwu0JZGOo60lEb56fDh0Aw.jpg","name":"1_Hwu0JZGOo60lEb56fDh0Aw","width":800,"height":450,"thumbnail":{"url":"np://user.desktop.nicepage.com/Site_760922807/images/thumbnails/1_Hwu0JZGOo60lEb56fDh0Aw.jpg","width":250,"height":141},"folderId":null,"usages":["2398722433"]},{"id":"user-image-New-Project-2023-11-07T103438.530.jpg","publicUrl":"np://user.desktop.nicepage.com/Site_760922807/images/New-Project-2023-11-07T103438.530.jpg","size":43788,"hash":"jQU57V/Mm6UecXDa4pxS0yDG/PM=","fileName":"New-Project-2023-11-07T103438.530.jpg","name":"New-Project-2023-11-07T103438.530","width":750,"height":430,"thumbnail":{"url":"np://user.desktop.nicepage.com/Site_760922807/images/thumbnails/New-Project-2023-11-07T103438.530.jpg","width":250,"height":143},"folderId":null,"usages":["2398722433"]},{"id":"user-image-download.jpeg","publicUrl":"np://user.desktop.nicepage.com/Site_760922807/images/download.jpeg","size":10168,"hash":"qk2xSLJT+gSAcs2wDfY9jqYJfMY=","fileName":"download.jpeg","name":"download","width":307,"height":164,"thumbnail":{"url":"np://user.desktop.nicepage.com/Site_760922807/images/thumbnails/download.jpeg","width":250,"height":134},"folderId":null,"usages":["2398722433"]},{"id":"user-image-99aca423c775e4bf56ba46b438ad2adfbeee5bc77fa8bec920f9a6932ac08a3421ec50a26d9cf385bb6f3b03294857bce5c05d5fabe5e8d7a4a9e9_1280.jpg","publicUrl":"np://user.desktop.nicepage.com/Site_760922807/images/99aca423c775e4bf56ba46b438ad2adfbeee5bc77fa8bec920f9a6932ac08a3421ec50a26d9cf385bb6f3b03294857bce5c05d5fabe5e8d7a4a9e9_1280.jpg","size":173142,"hash":"q5hvBcRoUeadAeBIZPWK+keBcIE=","fileName":"99aca423c775e4bf56ba46b438ad2adfbeee5bc77fa8bec920f9a6932ac08a3421ec50a26d9cf385bb6f3b03294857bce5c05d5fabe5e8d7a4a9e9_1280.jpg","name":"99aca423c775e4bf56ba46b438ad2adfbeee5bc77fa8bec920f9a6932ac08a3421ec50a26d9cf385bb6f3b03294857bce5c05d5fabe5e8d7a4a9e9_1280","width":1280,"height":829,"thumbnail":{"url":"np://user.desktop.nicepage.com/Site_760922807/images/thumbnails/99aca423c775e4bf56ba46b438ad2adfbeee5bc77fa8bec920f9a6932ac08a3421ec50a26d9cf385bb6f3b03294857bce5c05d5fabe5e8d7a4a9e9_1280.jpg","width":250,"height":162},"folderId":null,"usages":["2398722433"]},{"id":"user-image-2208a3f49c048f2e07e04989c582f6bf.jpeg","publicUrl":"np://user.desktop.nicepage.com/Site_760922807/images/2208a3f49c048f2e07e04989c582f6bf.jpeg","size":173699,"hash":"ieDPbtFSYwWkBLEJhhhb3RBye6U=","fileName":"2208a3f49c048f2e07e04989c582f6bf.jpeg","name":"2208a3f49c048f2e07e04989c582f6bf","width":1350,"height":900,"thumbnail":{"url":"np://user.desktop.nicepage.com/Site_760922807/images/thumbnails/2208a3f49c048f2e07e04989c582f6bf.jpeg","width":250,"height":167},"folderId":null,"originalUrl":"//images01.nicepage.com/22/08/2208a3f49c048f2e07e04989c582f6bf.jpeg","usages":["2398722433"]},{"id":"user-image-41b7b9ce42d1f846a4d6e3d2469edd04.jpeg","publicUrl":"np://user.desktop.nicepage.com/Site_760922807/images/41b7b9ce42d1f846a4d6e3d2469edd04.jpeg","size":253067,"hash":"K6M4iG6JTpZKjqm8uMxKk1ftATI=","fileName":"41b7b9ce42d1f846a4d6e3d2469edd04.jpeg","name":"41b7b9ce42d1f846a4d6e3d2469edd04","width":967,"height":725,"thumbnail":{"url":"np://user.desktop.nicepage.com/Site_760922807/images/thumbnails/41b7b9ce42d1f846a4d6e3d2469edd04.jpeg","width":250,"height":187},"folderId":null,"originalUrl":"//images01.nicepage.com/41/b7/41b7b9ce42d1f846a4d6e3d2469edd04.jpeg","usages":["2398722433"]},{"id":"user-image-36ced675fffdf7503938e3778dc8b3ca.jpeg","publicUrl":"np://user.desktop.nicepage.com/Site_760922807/images/36ced675fffdf7503938e3778dc8b3ca.jpeg","size":69616,"hash":"WYS+s9SCOWCn06f8M4eggjJLG0I=","fileName":"36ced675fffdf7503938e3778dc8b3ca.jpeg","name":"36ced675fffdf7503938e3778dc8b3ca","width":1980,"height":924,"thumbnail":{"url":"np://user.desktop.nicepage.com/Site_760922807/images/thumbnails/36ced675fffdf7503938e3778dc8b3ca.jpeg","width":250,"height":117},"folderId":null,"originalUrl":"//images01.nicepage.com/36/ce/36ced675fffdf7503938e3778dc8b3ca.jpeg","usages":["2398722433"]},{"id":"user-image-7abbc1f5fafa0d74011f220ef66e7545.jpeg","publicUrl":"np://user.desktop.nicepage.com/Site_760922807/images/7abbc1f5fafa0d74011f220ef66e7545.jpeg","size":301560,"hash":"1mX6Fw1mXeDViU01wpvSmnqVuKQ=","fileName":"7abbc1f5fafa0d74011f220ef66e7545.jpeg","name":"7abbc1f5fafa0d74011f220ef66e7545","width":600,"height":912,"thumbnail":{"url":"np://user.desktop.nicepage.com/Site_760922807/images/thumbnails/7abbc1f5fafa0d74011f220ef66e7545.jpeg","width":164,"height":250},"folderId":null,"originalUrl":"//images01.nicepage.com/7a/bb/7abbc1f5fafa0d74011f220ef66e7545.jpeg","usages":["2398722433"]},{"id":"user-image-088d3ff0a746c1dfbf342756f3a0cbf7.jpeg","publicUrl":"np://user.desktop.nicepage.com/Site_760922807/images/088d3ff0a746c1dfbf342756f3a0cbf7.jpeg","size":208176,"hash":"cvymqhvn2M16+gNSo0WQATh0qeM=","fileName":"088d3ff0a746c1dfbf342756f3a0cbf7.jpeg","name":"088d3ff0a746c1dfbf342756f3a0cbf7","width":700,"height":875,"thumbnail":{"url":"np://user.desktop.nicepage.com/Site_760922807/images/thumbnails/088d3ff0a746c1dfbf342756f3a0cbf7.jpeg","width":200,"height":250},"folderId":null,"originalUrl":"//images01.nicepage.com/08/8d/088d3ff0a746c1dfbf342756f3a0cbf7.jpeg","usages":["2398722433"]},{"id":"user-image-98697f8a5035ec93bad682b65a13f41c.jpeg","publicUrl":"np://user.desktop.nicepage.com/Site_760922807/images/98697f8a5035ec93bad682b65a13f41c.jpeg","size":223961,"hash":"9CTMPXfJ1T7nMon+eGCE/gSlxIk=","fileName":"98697f8a5035ec93bad682b65a13f41c.jpeg","name":"98697f8a5035ec93bad682b65a13f41c","width":862,"height":757,"thumbnail":{"url":"np://user.desktop.nicepage.com/Site_760922807/images/thumbnails/98697f8a5035ec93bad682b65a13f41c.jpeg","width":250,"height":220},"folderId":null,"originalUrl":"//images01.nicepage.com/98/69/98697f8a5035ec93bad682b65a13f41c.jpeg","usages":["2398722433"]},{"id":"user-image-f339d8968e405a704867c728844fb897.jpeg","publicUrl":"np://user.desktop.nicepage.com/Site_760922807/images/f339d8968e405a704867c728844fb897.jpeg","size":425113,"hash":"QihMyOeXSMFIp+IuIU4fcbF3ztw=","fileName":"f339d8968e405a704867c728844fb897.jpeg","name":"f339d8968e405a704867c728844fb897","width":726,"height":750,"thumbnail":{"url":"np://user.desktop.nicepage.com/Site_760922807/images/thumbnails/f339d8968e405a704867c728844fb897.jpeg","width":242,"height":250},"folderId":null,"originalUrl":"//images01.nicepage.com/f3/39/f339d8968e405a704867c728844fb897.jpeg","usages":["2398722433"]},{"id":"user-image-566f75dac074d33710cfbfa3229d1e84.jpeg","publicUrl":"np://user.desktop.nicepage.com/Site_760922807/images/566f75dac074d33710cfbfa3229d1e84.jpeg","size":183362,"hash":"OfJEKWiaWl2FerdkvzVDMXKQSsE=","fileName":"566f75dac074d33710cfbfa3229d1e84.jpeg","name":"566f75dac074d33710cfbfa3229d1e84","width":726,"height":750,"thumbnail":{"url":"np://user.desktop.nicepage.com/Site_760922807/images/thumbnails/566f75dac074d33710cfbfa3229d1e84.jpeg","width":242,"height":250},"folderId":null,"originalUrl":"//images01.nicepage.com/56/6f/566f75dac074d33710cfbfa3229d1e84.jpeg","usages":["2398722433"]},{"id":"user-image-0deb95780006ded47c0b24ebfd6a09a0.jpeg","publicUrl":"np://user.desktop.nicepage.com/Site_760922807/images/0deb95780006ded47c0b24ebfd6a09a0.jpeg","size":134009,"hash":"T5u3N3sDeyJKRh3DwG4hj7A2hWQ=","fileName":"0deb95780006ded47c0b24ebfd6a09a0.jpeg","name":"0deb95780006ded47c0b24ebfd6a09a0","width":1286,"height":1080,"thumbnail":{"url":"np://user.desktop.nicepage.com/Site_760922807/images/thumbnails/0deb95780006ded47c0b24ebfd6a09a0.jpeg","width":250,"height":210},"folderId":null,"originalUrl":"//images01.nicepage.com/0d/eb/0deb95780006ded47c0b24ebfd6a09a0.jpeg","usages":["2398722433"]},{"id":"user-image-a15400169df3dbcae7cd48146ac9e44f.jpeg","publicUrl":"np://user.desktop.nicepage.com/Site_760922807/images/a15400169df3dbcae7cd48146ac9e44f.jpeg","size":270535,"hash":"0yhMTKTjRj1s+ueVNJzRcoa+dEY=","fileName":"a15400169df3dbcae7cd48146ac9e44f.jpeg","name":"a15400169df3dbcae7cd48146ac9e44f","width":783,"height":783,"thumbnail":{"url":"np://user.desktop.nicepage.com/Site_760922807/images/thumbnails/a15400169df3dbcae7cd48146ac9e44f.jpeg","width":250,"height":250},"folderId":null,"originalUrl":"//images01.nicepage.com/a1/54/a15400169df3dbcae7cd48146ac9e44f.jpeg","usages":["2398722433"]},{"id":"user-image-115d4b154eff1a090090ad554ea4a1eb.jpeg","publicUrl":"np://user.desktop.nicepage.com/Site_760922807/images/115d4b154eff1a090090ad554ea4a1eb.jpeg","size":167645,"hash":"NcIeeF8azvOuw77lyFmRBBzLS7Y=","fileName":"115d4b154eff1a090090ad554ea4a1eb.jpeg","name":"115d4b154eff1a090090ad554ea4a1eb","width":634,"height":951,"thumbnail":{"url":"np://user.desktop.nicepage.com/Site_760922807/images/thumbnails/115d4b154eff1a090090ad554ea4a1eb.jpeg","width":167,"height":250},"folderId":null,"originalUrl":"//images01.nicepage.com/11/5d/115d4b154eff1a090090ad554ea4a1eb.jpeg","usages":["2398722433"]},{"id":"user-image-2fa540df7187a7eeb5f596f9d0726e2d.jpeg","publicUrl":"np://user.desktop.nicepage.com/Site_760922807/images/2fa540df7187a7eeb5f596f9d0726e2d.jpeg","size":61580,"hash":"7pJ67rT8RmC8FWrIeFCpCgnSEA8=","fileName":"2fa540df7187a7eeb5f596f9d0726e2d.jpeg","name":"2fa540df7187a7eeb5f596f9d0726e2d","width":1127,"height":750,"thumbnail":{"url":"np://user.desktop.nicepage.com/Site_760922807/images/thumbnails/2fa540df7187a7eeb5f596f9d0726e2d.jpeg","width":250,"height":166},"folderId":null,"originalUrl":"//images01.nicepage.com/2f/a5/2fa540df7187a7eeb5f596f9d0726e2d.jpeg","usages":["2398722433"]},{"id":"user-image-fcb14a161aa9547b4673c26e4bc92cdd.jpeg","publicUrl":"np://user.desktop.nicepage.com/Site_760922807/images/fcb14a161aa9547b4673c26e4bc92cdd.jpeg","size":141057,"hash":"JYv85QqRnBixonOxojGmWTuN9Vw=","fileName":"fcb14a161aa9547b4673c26e4bc92cdd.jpeg","name":"fcb14a161aa9547b4673c26e4bc92cdd","width":1600,"height":1067,"thumbnail":{"url":"np://user.desktop.nicepage.com/Site_760922807/images/thumbnails/fcb14a161aa9547b4673c26e4bc92cdd.jpeg","width":250,"height":167},"folderId":null,"originalUrl":"//images01.nicepage.com/fc/b1/fcb14a161aa9547b4673c26e4bc92cdd.jpeg","usages":["2398722433"]}]