[{"id":86536142,"title":"Blog Template","order":1,"templateKey":"blog","customTemplate":false,"customTemplateFilename":null,"pageLinks":[],"dateCreated":"2024-10-06T11:39:50.619Z","dateUpdated":"2024-10-06T11:39:54.460Z","folderId":null,"pageName":"Blog Template","serverPageId":null,"sectionCount":1,"status":2,"backwardUrl":null},{"id":216925261,"title":"Post Template","order":2,"templateKey":"post","customTemplate":false,"customTemplateFilename":null,"pageLinks":[],"dateCreated":"2024-10-06T11:39:51.029Z","dateUpdated":"2024-10-06T11:39:54.461Z","folderId":null,"pageName":"Post Template","serverPageId":null,"sectionCount":1,"status":2,"backwardUrl":null},{"id":66991501,"title":"Product List Template","order":3,"templateKey":"products","customTemplate":false,"customTemplateFilename":null,"pageLinks":[],"dateCreated":"2024-10-06T11:39:51.436Z","dateUpdated":"2024-10-06T11:39:54.462Z","folderId":null,"pageName":"Product List Template","serverPageId":null,"sectionCount":1,"status":2,"backwardUrl":null},{"id":211647712,"title":"Product Details Template","order":4,"templateKey":"product","customTemplate":false,"customTemplateFilename":null,"pageLinks":[],"dateCreated":"2024-10-06T11:39:51.870Z","dateUpdated":"2024-10-06T11:39:54.463Z","folderId":null,"pageName":"Product Details Template","serverPageId":null,"sectionCount":1,"status":2,"backwardUrl":null},{"id":20838230,"title":"Shopping Cart Template","order":5,"templateKey":"cart","customTemplate":false,"customTemplateFilename":null,"pageLinks":[],"dateCreated":"2024-10-06T11:39:52.230Z","dateUpdated":"2024-10-06T11:39:54.463Z","folderId":null,"pageName":"Shopping Cart Template","serverPageId":null,"sectionCount":1,"status":2,"backwardUrl":null},{"id":653330828,"title":"Checkout Template","order":6,"templateKey":"checkout","customTemplate":false,"customTemplateFilename":null,"pageLinks":[],"dateCreated":"2024-10-06T11:39:52.732Z","dateUpdated":"2024-10-06T11:39:54.463Z","folderId":null,"pageName":"Checkout Template","serverPageId":null,"sectionCount":1,"status":2,"backwardUrl":null},{"id":1290605769,"title":"Login Template","order":7,"templateKey":"login","customTemplate":false,"customTemplateFilename":null,"pageLinks":[],"dateCreated":"2024-10-06T11:39:52.985Z","dateUpdated":"2024-10-06T11:39:54.463Z","folderId":null,"pageName":"Login Template","serverPageId":null,"sectionCount":1,"status":2,"backwardUrl":null},{"id":48970140,"title":"Search Page Template","order":8,"templateKey":"Search","customTemplate":false,"customTemplateFilename":null,"pageLinks":["6","5","4"],"dateCreated":"2024-10-06T11:39:53.176Z","dateUpdated":"2024-10-06T11:39:54.464Z","folderId":null,"pageName":"Search Page Template","serverPageId":null,"sectionCount":1,"status":2,"backwardUrl":null},{"id":39231044,"title":"Page Password Template","order":9,"templateKey":"password","customTemplate":false,"customTemplateFilename":null,"pageLinks":[],"dateCreated":"2024-10-06T11:39:53.346Z","dateUpdated":"2024-10-06T11:39:54.464Z","folderId":null,"pageName":"Page Password Template","serverPageId":null,"sectionCount":1,"status":2,"backwardUrl":null},{"id":745707605,"title":"404 Not Found Template","order":10,"templateKey":"404","customTemplate":false,"customTemplateFilename":null,"pageLinks":[],"dateCreated":"2024-10-06T11:39:53.465Z","dateUpdated":"2024-10-06T11:39:54.465Z","folderId":null,"pageName":"404 Not Found Template","serverPageId":null,"sectionCount":1,"status":2,"backwardUrl":null},{"id":856218924,"title":"Thank You Page Template","order":11,"templateKey":"ThankYou","customTemplate":false,"customTemplateFilename":null,"pageLinks":[],"dateCreated":"2024-10-06T11:39:53.572Z","dateUpdated":"2024-10-06T11:39:54.465Z","folderId":null,"pageName":"Thank You Page Template","serverPageId":null,"sectionCount":1,"status":2,"backwardUrl":null},{"id":2398722433,"title":"Home","order":50,"templateKey":null,"customTemplate":false,"customTemplateFilename":null,"pageLinks":[],"dateCreated":"2024-10-06T11:39:55.842Z","dateUpdated":"2024-10-06T14:12:16.887Z","folderId":null,"pageName":"Home_2398722433","serverPageId":null,"sectionCount":17,"status":2,"backwardUrl":null},{"id":8269779,"title":"Video","order":100,"templateKey":null,"customTemplate":false,"customTemplateFilename":null,"pageLinks":[],"dateCreated":"2024-10-06T11:39:53.655Z","dateUpdated":"2024-10-06T13:54:26.005Z","folderId":null,"pageName":"Video_8269779","serverPageId":null,"sectionCount":2,"status":2,"backwardUrl":null},{"id":548327562,"title":"Reference","order":101,"templateKey":null,"customTemplate":false,"customTemplateFilename":null,"pageLinks":[],"dateCreated":"2024-10-06T13:54:25.271Z","dateUpdated":"2024-10-06T14:03:04.506Z","folderId":null,"pageName":"Reference_548327562","serverPageId":null,"sectionCount":1,"status":2,"backwardUrl":null}]